algorithm,metric,n_cities,mean,std
RS,best_value,5,75.9,21.514878572745886
RS,best_value,10,143.4,29.305972087613814
RS,best_value,15,242.9,22.68237200999931
RS,best_value,20,314.6,41.50951698104906
RS,best_value,25,391.2,33.79881654732899
RS,best_value,30,456.7,59.915023157802416
RS,best_value,35,518.4,25.671774383552066
RS,best_value,40,616.4,38.15547142940315
RS,best_value,45,738.8,42.894754924116306
RS,best_value,50,768.5,35.685431200981725
RS,best_value,55,842.7,65.74047459518374
RS,best_value,60,945.6,64.02686935966805
RS,best_value,65,1017.1,65.97491947702551
RS,best_value,70,1076.0,49.50757517794625
RS,best_value,75,1119.6,50.84328864265174
RS,best_value,80,1272.1,85.96563266794469
RS,best_value,85,1279.7,80.13744443142669
RS,best_value,90,1448.8,91.5737953783723
RS,best_value,100,1533.0,40.0
RS,best_value,200,3146.0,112.65788920444054
RS,best_value,300,4616.6,145.87268421469457
RS,best_value,400,6296.9,156.7331809158482
RS,best_value,500,7844.7,203.0935991113457
RS,best_value,600,9314.8,155.32276072746066
RS,best_value,700,10857.2,245.09908200562484
RS,best_value,800,12381.5,236.09542562277653
RS,best_value,900,13955.1,162.4748903677119
RS,best_value,1000,15488.5,350.08634649183335
RS,iterations,5,11.0,0.0
RS,iterations,10,21.0,0.0
RS,iterations,15,31.0,0.0
RS,iterations,20,41.0,0.0
RS,iterations,25,51.0,0.0
RS,iterations,30,61.0,0.0
RS,iterations,35,71.0,0.0
RS,iterations,40,81.0,0.0
RS,iterations,45,91.0,0.0
RS,iterations,50,101.0,0.0
RS,iterations,55,111.0,0.0
RS,iterations,60,121.0,0.0
RS,iterations,65,131.0,0.0
RS,iterations,70,141.0,0.0
RS,iterations,75,151.0,0.0
RS,iterations,80,161.0,0.0
RS,iterations,85,171.0,0.0
RS,iterations,90,181.0,0.0
RS,iterations,100,201.0,0.0
RS,iterations,200,401.0,0.0
RS,iterations,300,601.0,0.0
RS,iterations,400,801.0,0.0
RS,iterations,500,1001.0,0.0
RS,iterations,600,1201.0,0.0
RS,iterations,700,1401.0,0.0
RS,iterations,800,1601.0,0.0
RS,iterations,900,1801.0,0.0
RS,iterations,1000,2001.0,0.0
RS,best_iter,5,1.0,0.0
RS,best_iter,10,1.0,0.0
RS,best_iter,15,1.0,0.0
RS,best_iter,20,1.0,0.0
RS,best_iter,25,1.0,0.0
RS,best_iter,30,1.0,0.0
RS,best_iter,35,1.0,0.0
RS,best_iter,40,1.0,0.0
RS,best_iter,45,1.0,0.0
RS,best_iter,50,1.0,0.0
RS,best_iter,55,1.0,0.0
RS,best_iter,60,1.0,0.0
RS,best_iter,65,1.0,0.0
RS,best_iter,70,1.0,0.0
RS,best_iter,75,1.0,0.0
RS,best_iter,80,1.0,0.0
RS,best_iter,85,1.0,0.0
RS,best_iter,90,1.0,0.0
RS,best_iter,100,1.0,0.0
RS,best_iter,200,1.0,0.0
RS,best_iter,300,1.0,0.0
RS,best_iter,400,1.0,0.0
RS,best_iter,500,1.0,0.0
RS,best_iter,600,1.0,0.0
RS,best_iter,700,1.0,0.0
RS,best_iter,800,1.0,0.0
RS,best_iter,900,1.0,0.0
RS,best_iter,1000,1.0,0.0
SA,best_value,5,49.1,11.768177428981941
SA,best_value,10,85.6,15.014659503298768
SA,best_value,15,142.2,17.209299811439163
SA,best_value,20,203.0,13.863621460498695
SA,best_value,25,279.1,11.308846094982458
SA,best_value,30,344.8,19.903768487399564
SA,best_value,35,414.0,17.966635745180564
SA,best_value,40,496.9,22.523099253877117
SA,best_value,45,559.2,24.227257376764708
SA,best_value,50,617.1,15.921369287847073
SA,best_value,55,715.7,25.698443532634425
SA,best_value,60,777.7,37.15386924668816
SA,best_value,65,835.0,41.12663370615203
SA,best_value,70,903.1,17.34041521994211
SA,best_value,75,985.8,55.333172690529864
SA,best_value,80,1055.5,42.74868419027655
SA,best_value,85,1161.5,34.30524741202139
SA,best_value,90,1208.4,43.55502267247717
SA,best_value,100,1266.2,14.4
SA,best_value,200,2747.7,36.22167859169423
SA,best_value,300,4254.4,68.36841375957175
SA,best_value,400,5753.9,75.7264154704288
SA,best_value,500,7248.7,96.28712271119123
SA,best_value,600,8745.9,128.92125503577756
SA,best_value,700,10279.1,149.8882583793674
SA,best_value,800,11795.6,117.946767653887
SA,best_value,900,13325.0,156.61353709050823
SA,best_value,1000,14816.1,155.4917682708638
SA,iterations,5,1086.0,0.0
SA,iterations,10,1086.0,0.0
SA,iterations,15,1086.0,0.0
SA,iterations,20,1086.0,0.0
SA,iterations,25,1086.0,0.0
SA,iterations,30,1086.0,0.0
SA,iterations,35,1086.0,0.0
SA,iterations,40,1086.0,0.0
SA,iterations,45,1086.0,0.0
SA,iterations,50,1086.0,0.0
SA,iterations,55,1086.0,0.0
SA,iterations,60,1086.0,0.0
SA,iterations,65,1086.0,0.0
SA,iterations,70,1086.0,0.0
SA,iterations,75,1086.0,0.0
SA,iterations,80,1086.0,0.0
SA,iterations,85,1086.0,0.0
SA,iterations,90,1086.0,0.0
SA,iterations,100,10893.0,0.0
SA,iterations,200,10893.0,0.0
SA,iterations,300,10893.0,0.0
SA,iterations,400,10893.0,0.0
SA,iterations,500,10893.0,0.0
SA,iterations,600,10893.0,0.0
SA,iterations,700,10893.0,0.0
SA,iterations,800,10893.0,0.0
SA,iterations,900,10893.0,0.0
SA,iterations,1000,10893.0,0.0
SA,best_iter,5,1087.0,0.0
SA,best_iter,10,1087.0,0.0
SA,best_iter,15,1087.0,0.0
SA,best_iter,20,1087.0,0.0
SA,best_iter,25,1087.0,0.0
SA,best_iter,30,1087.0,0.0
SA,best_iter,35,1087.0,0.0
SA,best_iter,40,1087.0,0.0
SA,best_iter,45,1087.0,0.0
SA,best_iter,50,1087.0,0.0
SA,best_iter,55,1087.0,0.0
SA,best_iter,60,1087.0,0.0
SA,best_iter,65,1087.0,0.0
SA,best_iter,70,1087.0,0.0
SA,best_iter,75,1087.0,0.0
SA,best_iter,80,1087.0,0.0
SA,best_iter,85,1087.0,0.0
SA,best_iter,90,1087.0,0.0
SA,best_iter,100,10894.0,0.0
SA,best_iter,200,10894.0,0.0
SA,best_iter,300,10894.0,0.0
SA,best_iter,400,10894.0,0.0
SA,best_iter,500,10894.0,0.0
SA,best_iter,600,10894.0,0.0
SA,best_iter,700,10894.0,0.0
SA,best_iter,800,10894.0,0.0
SA,best_iter,900,10894.0,0.0
SA,best_iter,1000,10894.0,0.0
LBSA,best_value,5,50.5,12.273956167430288
LBSA,best_value,10,84.8,12.6237870704476
LBSA,best_value,15,135.6,13.99428454762872
LBSA,best_value,20,202.3,21.35439064923183
LBSA,best_value,25,262.1,26.425177388240936
LBSA,best_value,30,324.1,14.59760254288354
LBSA,best_value,35,406.4,23.290341345716683
LBSA,best_value,40,476.3,19.995249435803498
LBSA,best_value,45,544.8,18.263625050903777
LBSA,best_value,50,596.1,31.389329397105634
LBSA,best_value,55,667.4,30.414470240331326
LBSA,best_value,60,731.5,13.215521177766695
LBSA,best_value,65,796.9,36.87126252245778
LBSA,best_value,70,885.6,30.961912085657758
LBSA,best_value,75,944.0,28.639134065121453
LBSA,best_value,80,1001.0,24.07072911234722
LBSA,best_value,85,1092.9,24.7
LBSA,best_value,90,1135.5,51.14929129518805
LBSA,best_value,100,1281.3,39.51721144008013
LBSA,best_value,200,2700.4,38.097768963549555
LBSA,best_value,300,4143.0,73.77397915254403
LBSA,best_value,400,5585.0,92.35258523723091
LBSA,best_value,500,7066.0,91.11201896566665
LBSA,best_value,600,8606.4,64.62847669564864
LBSA,best_value,700,10131.7,72.92605844278162
LBSA,best_value,800,11568.3,62.85865095593446
LBSA,best_value,900,13040.4,115.32926775107869
LBSA,best_value,1000,14607.8,78.22889491741526
LBSA,iterations,5,130.0,40.06245124802026
LBSA,iterations,10,391.0,114.64728518373211
LBSA,iterations,15,516.0,172.3629890666787
LBSA,iterations,20,901.0,248.20153101864622
LBSA,iterations,25,977.5,339.71495404235594
LBSA,iterations,30,1521.0,479.2118529418904
LBSA,iterations,35,1436.0,561.7908863625325
LBSA,iterations,40,1723.0,642.0093457263687
LBSA,iterations,45,1972.5,497.14308805413356
LBSA,iterations,50,2335.0,813.0805618141416
LBSA,iterations,55,2341.5,837.3919333263248
LBSA,iterations,60,2799.0,1007.285461028799
LBSA,iterations,65,3167.5,996.113070891051
LBSA,iterations,70,3004.0,1011.5181659268409
LBSA,iterations,75,3795.0,1416.7656828142049
LBSA,iterations,80,3935.0,1057.0903461861715
LBSA,iterations,85,3551.0,920.3580824874631
LBSA,iterations,90,4317.0,1114.5474417897158
LBSA,iterations,100,8670.0,1655.4153557340223
LBSA,iterations,200,17670.0,4319.07397482377
LBSA,iterations,300,32910.0,12292.0950207847
LBSA,iterations,400,38910.0,12025.040540472202
LBSA,iterations,500,53180.0,23455.32988469785
LBSA,iterations,600,60270.0,19705.59311464641
LBSA,iterations,700,78920.0,25436.21237527317
LBSA,iterations,800,85070.0,17191.812004556123
LBSA,iterations,900,95610.0,15747.685544231572
LBSA,iterations,1000,123030.0,36603.27854168257
LBSA,best_iter,5,35.6,23.97999165971498
LBSA,best_iter,10,149.9,97.48379352487264
LBSA,best_iter,15,227.3,159.44970994015637
LBSA,best_iter,20,310.5,211.89348739402067
LBSA,best_iter,25,396.1,237.15541317878453
LBSA,best_iter,30,272.0,191.15752666322086
LBSA,best_iter,35,666.7,478.69197820728095
LBSA,best_iter,40,863.9,611.9549738338598
LBSA,best_iter,45,647.7,426.3585462964241
LBSA,best_iter,50,993.6,673.735289264263
LBSA,best_iter,55,875.3,818.5468893105635
LBSA,best_iter,60,997.2,630.4153868680554
LBSA,best_iter,65,1075.3,1134.2002512784063
LBSA,best_iter,70,767.7,717.4078407712032
LBSA,best_iter,75,1455.2,949.4635116738294
LBSA,best_iter,80,1449.5,741.1444191249099
LBSA,best_iter,85,769.6,787.3580125965569
LBSA,best_iter,90,1541.0,717.6899051818967
LBSA,best_iter,100,3822.3,2406.0174583738994
LBSA,best_iter,200,3848.4,3056.561669588886
LBSA,best_iter,300,11566.0,5829.862262523876
LBSA,best_iter,400,14232.2,5774.83270407031
LBSA,best_iter,500,19126.2,16853.32018208875
LBSA,best_iter,600,21765.6,15025.348842539397
LBSA,best_iter,700,15552.4,14845.000297743345
LBSA,best_iter,800,19760.8,17650.689679443123
LBSA,best_iter,900,21962.0,16282.644496518371
LBSA,best_iter,1000,32221.9,25165.353565765774
